<?xml version="1.0" encoding="utf-8"?>
<bundle name="LDBusDemo" connectorClass="LDCustomConnector" version="0.1.11" customWebContainer="LDMPopWebViewController">
    <url_handler_list>
        <!--个人账户首页
         netease://mainTab1
         netease://menu?menuID=1
         netease://menu/modeview/apple
         -->
        <ViewController name="mainTab1" class="MyTabController" type="share">
        </ViewController>
        <ViewController name="menu" webquery="menuID=(initWithMenu:)" class="MenuController" type="share">
        </ViewController>
        <ViewController name="food" class="ContentController" type="push">
            <URLPattern name="foo/(initWithFood:)" webquery=""/>
            <URLPattern name="type/(initWithType:)"/>
            <URLPattern name="popover/(initWithFood:)" type="pop"/>
            <URLPattern name="modeview" webquery="param=(initWithFood:)" type="modal"/>
            <URLPattern name="about/(initWithUs:)/(others:)" parent="menu?menuID=5" type="push"/>
            <URLPattern name="about" webquery="licenseNo=(initWithLicenseNo:)&amp;userId=(userId:)&amp;picUrl=(picUrl:)"/>
        </ViewController>
    </url_handler_list>
    <service_list>
        <service name="loginService" class="LDLoginServiceImpl"  protocol="LDLoginService"/>
    </service_list>
    <post_message_list>
        <postmessage name="LocationModified" code="locationmodify" />
    </post_message_list>
    <receive_message_list>
        <recvmessage code="locationmodify" class="LDDemoMessageHandler" />
    </receive_message_list>
</bundle>
<!--
 （1）当bundle没有开发之前，可以优先开发wap页面,并在应用中打开； 但是可以根据业务要求确定bundle得UI总线导航配置；
 (2) bus会自动判定当前有没有这个viewController的实现类，如果没有，targetclass＝nil；
 (3) 如果能够跟JSBridge合用，将会有很大用处；
 -->
